Series Name,Series Code,Country Name,Country Code,1990 [YR1990],1991 [YR1991],1992 [YR1992],1993 [YR1993],1994 [YR1994],1995 [YR1995],1996 [YR1996],1997 [YR1997],1998 [YR1998],1999 [YR1999],2000 [YR2000],2001 [YR2001],2004 [YR2004],2005 [YR2005],2006 [YR2006],2007 [YR2007],2008 [YR2008],2009 [YR2009],2010 [YR2010],2011 [YR2011],2012 [YR2012],2013 [YR2013],2014 [YR2014],2015 [YR2015]
Net official development assistance received (current US$),DT.ODA.ODAT.CD,Afghanistan,AFG,121720000,507530000,204900000,223800000,226420000,212530000,169630000,230750000,164200000,142860000,136010000,410360000,2311490000,2837620000,2961670000,4964720000,4875670000,6235400000,6471940000,6865890000,6666890000,5262380000,4823290000,..
Net official development assistance received (current US$),DT.ODA.ODAT.CD,Albania,ALB,11050000,331950000,409640000,270680000,163100000,180600000,226550000,168110000,268620000,488150000,317850000,268530000,299950000,319140000,321780000,307190000,363270000,356960000,364190000,380980000,350290000,269400000,280050000,..
Net official development assistance received (current US$),DT.ODA.ODAT.CD,Algeria,DZA,331650000,211170000,372460000,324470000,293650000,293900000,305040000,247810000,419730000,137830000,199620000,198680000,316200000,346610000,239910000,394300000,325050000,317510000,198360000,190650000,144500000,200670000,157670000,..
Net official development assistance received (current US$),DT.ODA.ODAT.CD,American Samoa,ASM,..,..,..,..,..,..,..,..,..,..,..,..,..,..,..,..,..,..,..,..,..,..,..,..
Net official development assistance received (current US$),DT.ODA.ODAT.CD,Andorra,ADO,..,..,..,..,..,..,..,..,..,..,..,..,..,..,..,..,..,..,..,..,..,..,..,..
Net official development assistance received (current US$),DT.ODA.ODAT.CD,Angola,AGO,265770000,277080000,343590000,289390000,447070000,416420000,459310000,354660000,335270000,387540000,302210000,282730000,1144460000,414570000,163520000,247670000,368820000,238710000,236940000,192750000,241400000,282710000,231280000,..
Net official development assistance received (current US$),DT.ODA.ODAT.CD,Antigua and Barbuda,ATG,4610000,7230000,4670000,3000000,4160000,2270000,3870000,4300000,9880000,10740000,9790000,8540000,1630000,7790000,3280000,7380000,8750000,5640000,19070000,15350000,2350000,1820000,2080000,..
Net official development assistance received (current US$),DT.ODA.ODAT.CD,Argentina,ARG,168740000,273680000,263880000,226240000,146220000,142560000,130780000,102010000,79060000,76560000,52490000,145560000,91340000,96180000,115080000,101340000,130580000,126730000,121040000,88700000,179500000,32500000,49190000,..
Net official development assistance received (current US$),DT.ODA.ODAT.CD,Armenia,ARM,..,2720000,22450000,109460000,191270000,217590000,292160000,166100000,194200000,209180000,215890000,211630000,253410000,170340000,215510000,350020000,302640000,525980000,342270000,396940000,271160000,278960000,265340000,..
Net official development assistance received (current US$),DT.ODA.ODAT.CD,Aruba,ABW,29980000,24970000,29980000,24860000,18260000,25800000,19530000,25070000,11260000,-7380000,..,..,..,..,..,..,..,..,..,..,..,..,..,..
Net official development assistance received (current US$),DT.ODA.ODAT.CD,Australia,AUS,..,..,..,..,..,..,..,..,..,..,..,..,..,..,..,..,..,..,..,..,..,..,..,..
Net official development assistance received (current US$),DT.ODA.ODAT.CD,Austria,AUT,..,..,..,..,..,..,..,..,..,..,..,..,..,..,..,..,..,..,..,..,..,..,..,..
Net official development assistance received (current US$),DT.ODA.ODAT.CD,Azerbaijan,AZE,..,300000,7430000,23870000,149040000,119540000,96360000,184060000,120250000,169420000,139120000,229760000,175760000,216510000,206390000,225210000,235150000,231790000,160140000,286590000,284600000,-73370000,215180000,..
"Net official development assistance received (current US$),DT.ODA.ODAT.CD,""Bahamas, The"",BHS,3150000,2760000,2700000,1030000,870000,4260000,..,..,..,..,..,..,..,..,..,..,..,..,..,..,..,..,..,.."
Net official development assistance received (current US$),DT.ODA.ODAT.CD,Bahrain,BHR,137500000,94700000,80110000,111430000,95790000,99870000,132320000,150280000,199720000,61880000,60430000,70810000,58220000,..,..,..,..,..,..,..,..,..,..,..
Net official development assistance received (current US$),DT.ODA.ODAT.CD,Bangladesh,BGD,2092760000,1880240000,1818390000,1383260000,1742890000,1281740000,1228070000,1012360000,1162860000,1219430000,1172840000,1043740000,1413850000,1318850000,1221180000,1515240000,2070630000,1225820000,1403930000,1492170000,2148260000,2628880000,2417990000,..
Net official development assistance received (current US$),DT.ODA.ODAT.CD,Barbados,BRB,2630000,2120000,30000,3600000,1020000,-1160000,4230000,4320000,15660000,-2130000,240000,-1150000,28810000,-1810000,-2080000,17510000,7120000,11960000,16200000,..,..,..,..,..
Net official development assistance received (current US$),DT.ODA.ODAT.CD,Belarus,BLR,..,..,..,..,..,..,..,..,..,..,..,..,..,57810000,76520000,83760000,110420000,97660000,138680000,120230000,103090000,105540000,119630000,..
Net official development assistance received (current US$),DT.ODA.ODAT.CD,Belgium,BEL,..,..,..,..,..,..,..,..,..,..,..,..,..,..,..,..,..,..,..,..,..,..,..,..
Net official development assistance received (current US$),DT.ODA.ODAT.CD,Belize,BLZ,30320000,21770000,25560000,30510000,31570000,18230000,20630000,14060000,15190000,46060000,14660000,22170000,7580000,12170000,8630000,21770000,23860000,27560000,24530000,22030000,25180000,49890000,36020000,..
Net official development assistance received (current US$),DT.ODA.ODAT.CD,Benin,BEN,266880000,265660000,269040000,287260000,255880000,280060000,287790000,220650000,205150000,210880000,243450000,277890000,393800000,346930000,399320000,474370000,641480000,682050000,690440000,672710000,508910000,659920000,600450000,..
Net official development assistance received (current US$),DT.ODA.ODAT.CD,Bermuda,BMU,42190000,-4720000,-5000000,-4820000,-12480000,-2080000,-4070000,..,..,..,..,..,..,..,..,..,..,..,..,..,..,..,..,..
Net official development assistance received (current US$),DT.ODA.ODAT.CD,Bhutan,BTN,46000000,61410000,54160000,63150000,73100000,71220000,57420000,65580000,55780000,66820000,53090000,60480000,77970000,90050000,101540000,89830000,86530000,125380000,130490000,142620000,161280000,134340000,129770000,..
Net official development assistance received (current US$),DT.ODA.ODAT.CD,Bolivia,BOL,545440000,502890000,666930000,558990000,561280000,711460000,827500000,697750000,633050000,578550000,481710000,743720000,785440000,643060000,849970000,475810000,627870000,725250000,715190000,721580000,658400000,700000000,671840000,..
Net official development assistance received (current US$),DT.ODA.ODAT.CD,Bosnia and Herzegovina,BIH,10000,10000,15690000,70240000,408570000,965800000,851810000,862050000,914970000,1286240000,737930000,640080000,686220000,548520000,534980000,599490000,467020000,414320000,508160000,626510000,570870000,522190000,631960000,..
Net official development assistance received (current US$),DT.ODA.ODAT.CD,Botswana,BWA,145220000,131070000,111260000,129900000,85180000,89540000,74450000,121500000,106250000,60890000,30620000,29170000,50180000,47980000,68810000,107670000,720260000,279160000,153470000,118490000,72880000,107320000,99640000,..
Net official development assistance received (current US$),DT.ODA.ODAT.CD,Brazil,BRA,151060000,161560000,-257790000,199830000,251340000,271310000,270080000,259860000,282220000,123100000,231370000,219530000,154380000,243070000,113430000,321200000,460360000,336930000,449640000,812190000,1280870000,1144650000,911560000,..
Net official development assistance received (current US$),DT.ODA.ODAT.CD,Brunei Darussalam,BRN,3880000,3620000,5370000,5070000,5260000,4290000,..,..,..,..,..,..,..,..,..,..,..,..,..,..,..,..,..,..
Net official development assistance received (current US$),DT.ODA.ODAT.CD,Bulgaria,BGR,..,..,..,..,..,..,..,..,..,..,..,..,..,..,..,..,..,..,..,..,..,..,..,..
Net official development assistance received (current US$),DT.ODA.ODAT.CD,Burkina Faso,BFA,326530000,419650000,433380000,468490000,432600000,489950000,418740000,368460000,399960000,398600000,179780000,405940000,642560000,693370000,901480000,950400000,1001160000,1082010000,1044280000,981940000,1142390000,1043720000,1119910000,..
Net official development assistance received (current US$),DT.ODA.ODAT.CD,Burundi,BDI,262550000,256400000,309280000,216950000,311110000,286950000,110520000,56400000,68750000,74920000,93120000,139140000,364040000,363960000,430890000,479000000,522240000,561370000,629440000,570440000,521310000,556000000,501750000,..
Net official development assistance received (current US$),DT.ODA.ODAT.CD,Cabo Verde,CPV,105280000,102000000,116480000,114960000,119670000,115730000,116460000,110830000,129590000,135620000,93710000,77200000,143000000,162220000,138460000,165170000,221780000,195600000,327500000,251620000,245540000,244710000,230020000,..
Net official development assistance received (current US$),DT.ODA.ODAT.CD,Cambodia,KHM,41310000,89710000,200520000,300510000,313350000,551000000,416530000,335330000,337440000,277220000,395720000,420880000,485370000,535600000,529370000,674580000,742840000,721440000,733120000,795350000,807430000,805360000,799370000,..
Net official development assistance received (current US$),DT.ODA.ODAT.CD,Cameroon,CMR,444380000,516260000,714780000,543720000,730080000,442800000,410190000,498770000,497310000,434290000,376730000,457760000,790660000,413930000,1718930000,1926290000,548590000,648340000,540920000,611370000,596190000,747850000,852290000,..
Net official development assistance received (current US$),DT.ODA.ODAT.CD,Canada,CAN,..,..,..,..,..,..,..,..,..,..,..,..,..,..,..,..,..,..,..,..,..,..,..,..
Net official development assistance received (current US$),DT.ODA.ODAT.CD,Cayman Islands,CYM,2990000,-290000,0,-460000,-1020000,-570000,-2030000,..,..,..,..,..,..,..,..,..,..,..,..,..,..,..,..,..
Net official development assistance received (current US$),DT.ODA.ODAT.CD,Central African Republic,CAF,248890000,173440000,177650000,171740000,167560000,167780000,168630000,91000000,119950000,118090000,75280000,76390000,109830000,88900000,133660000,176920000,257280000,242030000,260990000,268780000,227250000,202080000,610360000,..
Net official development assistance received (current US$),DT.ODA.ODAT.CD,Chad,TCD,310580000,262310000,236700000,223470000,212290000,235020000,295780000,227860000,174370000,187850000,131290000,188560000,337660000,384540000,289250000,359100000,421720000,560730000,490660000,458050000,472350000,457780000,388340000,..
Net official development assistance received (current US$),DT.ODA.ODAT.CD,Channel Islands,CHI,..,..,..,..,..,..,..,..,..,..,..,..,..,..,..,..,..,..,..,..,..,..,..,..
Net official development assistance received (current US$),DT.ODA.ODAT.CD,Chile,CHL,103540000,120860000,131290000,173630000,150080000,156550000,195360000,128920000,106330000,69900000,48880000,75270000,54370000,167340000,101390000,104900000,107850000,78720000,197380000,164290000,124980000,79140000,240560000,..
Net official development assistance received (current US$),DT.ODA.ODAT.CD,China,CHN,2032370000,1932580000,2993630000,3206880000,3138610000,3470670000,2640040000,2047390000,2438570000,2379250000,1711750000,1549030000,1715750000,1814300000,1247870000,1487940000,1479510000,1129470000,645370000,-608350000,-192950000,-671750000,-959960000,..
Net official development assistance received (current US$),DT.ODA.ODAT.CD,Colombia,COL,88540000,113390000,231640000,83440000,74370000,168930000,186860000,194090000,167080000,301610000,185940000,384360000,514750000,620520000,1005240000,722780000,972010000,1059450000,674700000,1013780000,762970000,854090000,1221310000,..
Net official development assistance received (current US$),DT.ODA.ODAT.CD,Comoros,COM,44880000,63300000,47870000,48620000,38700000,41600000,38710000,29670000,40090000,21450000,18710000,27560000,26320000,22820000,31880000,44980000,41640000,50450000,67220000,51920000,68670000,79010000,73970000,..
"Net official development assistance received (current US$),DT.ODA.ODAT.CD,""Congo, Dem. Rep."",ZAR,895790000,475280000,268520000,177820000,244810000,194750000,166110000,157610000,125460000,133970000,177120000,245370000,1919010000,1881700000,2197280000,1356710000,1765970000,2356850000,3480780000,5525200000,2847080000,2583500000,2398200000,.."
"Net official development assistance received (current US$),DT.ODA.ODAT.CD,""Congo, Rep."",COG,217160000,133270000,112890000,122360000,361850000,124860000,429290000,268590000,64910000,140350000,32040000,73780000,115480000,1425480000,258300000,118710000,485000000,283280000,1315100000,261010000,139250000,150790000,105670000,.."
Net official development assistance received (current US$),DT.ODA.ODAT.CD,Costa Rica,CRI,226980000,174060000,140280000,98990000,74750000,29670000,-12830000,-7950000,17090000,-9860000,9620000,370000,12770000,25820000,31710000,57950000,66120000,108570000,93950000,35740000,28320000,33310000,53520000,..
Net official development assistance received (current US$),DT.ODA.ODAT.CD,Cote d'Ivoire,CIV,686400000,629900000,755700000,763030000,1593100000,1211840000,964170000,446320000,967080000,447360000,350570000,185910000,160520000,91210000,247140000,171080000,625670000,2401600000,844620000,1435380000,2635330000,1271740000,922470000,..
Net official development assistance received (current US$),DT.ODA.ODAT.CD,Croatia,HRV,..,..,10000,..,109660000,53280000,133310000,40360000,39380000,48470000,65510000,123810000,119660000,123460000,203820000,162910000,241580000,168830000,131550000,..,..,..,..,..
Net official development assistance received (current US$),DT.ODA.ODAT.CD,Cuba,CUB,51810000,36930000,24400000,43500000,46720000,63230000,56820000,65330000,80080000,58490000,43990000,53700000,103540000,88380000,93710000,92800000,127480000,115070000,129130000,87070000,87810000,101080000,261690000,..
Net official development assistance received (current US$),DT.ODA.ODAT.CD,Curacao,CUW,..,..,..,..,..,..,..,..,..,..,..,..,..,..,..,..,..,..,..,..,..,..,..,..
Net official development assistance received (current US$),DT.ODA.ODAT.CD,Cyprus,CYP,38430000,39760000,26170000,33800000,44030000,21430000,22580000,..,..,..,..,..,..,..,..,..,..,..,..,..,..,..,..,..
Net official development assistance received (current US$),DT.ODA.ODAT.CD,Czech Republic,CZE,..,..,..,..,..,..,..,..,..,..,..,..,..,..,..,..,..,..,..,..,..,..,..,..
Net official development assistance received (current US$),DT.ODA.ODAT.CD,Denmark,DNK,..,..,..,..,..,..,..,..,..,..,..,..,..,..,..,..,..,..,..,..,..,..,..,..
Net official development assistance received (current US$),DT.ODA.ODAT.CD,Djibouti,DJI,207010000,107160000,112190000,134430000,128570000,105370000,96890000,85460000,80980000,75050000,72140000,59300000,64140000,74120000,115250000,112610000,140820000,166710000,130990000,140530000,148560000,147800000,162590000,..
Net official development assistance received (current US$),DT.ODA.ODAT.CD,Dominica,DMA,19640000,17630000,12700000,8910000,19590000,25000000,43130000,14560000,19260000,9840000,15190000,19690000,29440000,21120000,19510000,19410000,22210000,35950000,32450000,24620000,25660000,20020000,15600000,..
Net official development assistance received (current US$),DT.ODA.ODAT.CD,Dominican Republic,DOM,101660000,67720000,65580000,-1860000,61270000,119360000,99510000,71010000,118230000,189640000,56000000,106860000,84530000,80630000,53800000,123120000,155970000,119070000,175060000,225780000,261000000,147080000,166980000,..
Net official development assistance received (current US$),DT.ODA.ODAT.CD,Ecuador,ECU,159320000,237470000,239780000,233190000,209460000,222860000,250190000,152020000,176350000,148230000,146140000,183570000,153290000,225810000,187770000,217290000,230610000,207850000,147240000,161020000,147900000,147150000,160380000,..
"Net official development assistance received (current US$),DT.ODA.ODAT.CD,""Egypt, Arab Rep."",EGY,6056930000,5410530000,3742410000,2486920000,2694930000,2029900000,2193980000,2016310000,1970330000,1625030000,1371150000,1308210000,1556350000,1036470000,898740000,1132780000,1742320000,1000030000,589140000,416420000,1806750000,5508160000,3532170000,.."
Net official development assistance received (current US$),DT.ODA.ODAT.CD,El Salvador,SLV,347300000,294920000,403720000,399460000,305120000,295960000,300770000,278540000,180940000,183090000,179660000,237520000,216400000,204460000,162920000,88070000,233350000,275960000,280350000,277750000,220370000,169100000,97950000,..
Net official development assistance received (current US$),DT.ODA.ODAT.CD,Equatorial Guinea,GNQ,60230000,62180000,61820000,52660000,29730000,33400000,30820000,23790000,22060000,20140000,21270000,13240000,29150000,38130000,26210000,31360000,32080000,31490000,84710000,24300000,14200000,4340000,570000,..
Net official development assistance received (current US$),DT.ODA.ODAT.CD,Eritrea,ERI,4500000,..,1000000,67710000,154150000,148290000,157490000,123320000,167310000,148680000,177020000,283700000,264900000,349220000,125800000,158370000,143480000,143690000,160590000,132960000,133790000,80940000,83320000,..
Net official development assistance received (current US$),DT.ODA.ODAT.CD,Estonia,EST,..,..,..,..,..,..,..,..,..,..,..,..,..,..,..,..,..,..,..,..,..,..,..,..
Net official development assistance received (current US$),DT.ODA.ODAT.CD,Ethiopia,ETH,1009250000,1091870000,1162510000,1080730000,1063090000,876490000,816010000,578350000,660170000,643110000,687220000,1103130000,1828370000,1927830000,2033560000,2558420000,3328700000,3818830000,3452500000,3492890000,3220630000,3884860000,3585110000,..
Net official development assistance received (current US$),DT.ODA.ODAT.CD,Faroe Islands,FRO,..,..,..,..,..,..,..,..,..,..,..,..,..,..,..,..,..,..,..,..,..,..,..,..
Net official development assistance received (current US$),DT.ODA.ODAT.CD,Fiji,FJI,49580000,44810000,63420000,61220000,40610000,44400000,46790000,44440000,36820000,34870000,29120000,25930000,65560000,66140000,55650000,50810000,45250000,70990000,76490000,78800000,107340000,91240000,91980000,..
Net official development assistance received (current US$),DT.ODA.ODAT.CD,Finland,FIN,..,..,..,..,..,..,..,..,..,..,..,..,..,..,..,..,..,..,..,..,..,..,..,..
Net official development assistance received (current US$),DT.ODA.ODAT.CD,France,FRA,..,..,..,..,..,..,..,..,..,..,..,..,..,..,..,..,..,..,..,..,..,..,..,..
Net official development assistance received (current US$),DT.ODA.ODAT.CD,French Polynesia,PYF,259660000,311470000,326790000,333490000,367910000,450930000,404070000,367390000,370370000,351500000,..,..,..,..,..,..,..,..,..,..,..,..,..,..
Net official development assistance received (current US$),DT.ODA.ODAT.CD,Gabon,GAB,131230000,142710000,68310000,100660000,180830000,143540000,126310000,38830000,44560000,47610000,11660000,8530000,39870000,60430000,29050000,51140000,62050000,77210000,103980000,73320000,73200000,89640000,111370000,..
"Net official development assistance received (current US$),DT.ODA.ODAT.CD,""Gambia, The"",GMB,97260000,99540000,108840000,84900000,68890000,45430000,36060000,38770000,39320000,34220000,49640000,52860000,60850000,60450000,74940000,97200000,93950000,127480000,119970000,134540000,138740000,115260000,99680000,.."
Net official development assistance received (current US$),DT.ODA.ODAT.CD,Georgia,GEO,..,210000,20350000,104780000,177320000,209060000,309370000,241880000,208520000,244340000,169150000,291350000,313420000,292090000,356140000,379650000,888390000,907700000,627770000,587950000,660450000,647270000,562790000,..
Net official development assistance received (current US$),DT.ODA.ODAT.CD,Germany,DEU,..,..,..,..,..,..,..,..,..,..,..,..,..,..,..,..,..,..,..,..,..,..,..,..
Net official development assistance received (current US$),DT.ODA.ODAT.CD,Ghana,GHA,559720000,878630000,612780000,625820000,546280000,648430000,649830000,493620000,701550000,607780000,598170000,640620000,1418690000,1150690000,1243240000,1165210000,1306930000,1581820000,1690200000,1800230000,1798550000,1330030000,1126430000,..
Net official development assistance received (current US$),DT.ODA.ODAT.CD,Greece,GRC,..,..,..,..,..,..,..,..,..,..,..,..,..,..,..,..,..,..,..,..,..,..,..,..
Net official development assistance received (current US$),DT.ODA.ODAT.CD,Greenland,GRL,..,..,..,..,..,..,..,..,..,..,..,..,..,..,..,..,..,..,..,..,..,..,..,..
Net official development assistance received (current US$),DT.ODA.ODAT.CD,Grenada,GRD,13800000,16450000,12930000,7870000,23610000,10820000,11850000,8880000,6220000,10290000,16500000,10990000,15640000,52500000,26740000,23050000,33100000,47810000,33840000,12230000,7650000,11160000,39300000,..
Net official development assistance received (current US$),DT.ODA.ODAT.CD,Guam,GUM,..,..,..,..,..,..,..,..,..,..,..,..,..,..,..,..,..,..,..,..,..,..,..,..
Net official development assistance received (current US$),DT.ODA.ODAT.CD,Guatemala,GTM,201370000,196430000,195730000,212430000,218200000,208410000,192340000,264410000,233400000,293140000,263130000,234300000,217120000,256590000,484290000,454380000,536030000,375580000,389060000,379270000,303240000,495210000,276990000,..
Net official development assistance received (current US$),DT.ODA.ODAT.CD,Guinea,GIN,291580000,377520000,447280000,410280000,358230000,415920000,298060000,381270000,359380000,237640000,152930000,288850000,278530000,198180000,169560000,228020000,328300000,214340000,217790000,203630000,339610000,472580000,560990000,..
Net official development assistance received (current US$),DT.ODA.ODAT.CD,Guinea-Bissau,GNB,126350000,112820000,107300000,94530000,174360000,117600000,180770000,124350000,95830000,52420000,81070000,60700000,76390000,66030000,87020000,122320000,133780000,146550000,125390000,119680000,78870000,104070000,108770000,..
Net official development assistance received (current US$),DT.ODA.ODAT.CD,Guyana,GUY,168310000,129380000,89840000,106330000,81310000,85690000,141800000,264630000,92890000,87170000,115840000,112140000,145140000,149930000,174320000,127850000,166280000,173350000,166830000,157910000,114210000,101520000,159290000,..
Net official development assistance received (current US$),DT.ODA.ODAT.CD,Haiti,HTI,167390000,177290000,100980000,120650000,599840000,722220000,367310000,324970000,406970000,262800000,207810000,170330000,298580000,425590000,581600000,701590000,912060000,1119660000,3036010000,1689850000,1271650000,1151550000,1083500000,..
Net official development assistance received (current US$),DT.ODA.ODAT.CD,Honduras,HND,448490000,301700000,373390000,336170000,292450000,402380000,356030000,296370000,316380000,815590000,448290000,657070000,657920000,690050000,594360000,464340000,564330000,456050000,633220000,619300000,568250000,627280000,603890000,..
"Net official development assistance received (current US$),DT.ODA.ODAT.CD,""Hong Kong SAR, China"",HKG,38160000,36070000,-39000000,30270000,26870000,17730000,13200000,..,..,..,..,..,..,..,..,..,..,..,..,..,..,..,..,.."
Net official development assistance received (current US$),DT.ODA.ODAT.CD,Hungary,HUN,..,..,..,..,..,..,..,..,..,..,..,..,..,..,..,..,..,..,..,..,..,..,..,..
Net official development assistance received (current US$),DT.ODA.ODAT.CD,Iceland,ISL,..,..,..,..,..,..,..,..,..,..,..,..,..,..,..,..,..,..,..,..,..,..,..,..
Net official development assistance received (current US$),DT.ODA.ODAT.CD,India,IND,1398930000,2736230000,2422850000,1462160000,2317380000,1729410000,1892510000,1641270000,1604150000,1483590000,1372840000,1732090000,774020000,1875790000,1384300000,1390500000,2117070000,2500390000,2811780000,3245190000,1667240000,2435280000,2983560000,..
Net official development assistance received (current US$),DT.ODA.ODAT.CD,Indonesia,IDN,1715860000,1824480000,1969230000,1931720000,1548420000,1301190000,1070620000,805520000,1254140000,2122660000,1653000000,1464810000,131870000,2533990000,1318320000,903870000,1230620000,1046530000,1389570000,404800000,64620000,64770000,-388220000,..
"Net official development assistance received (current US$),DT.ODA.ODAT.CD,""Iran, Islamic Rep."",IRN,106450000,193400000,105700000,140080000,129640000,186540000,164100000,200130000,164330000,161260000,129870000,115530000,190750000,108980000,115830000,102360000,98390000,92130000,121190000,103280000,148890000,129410000,80530000,.."
Net official development assistance received (current US$),DT.ODA.ODAT.CD,Iraq,IRQ,63090000,552480000,138100000,168700000,253500000,332770000,349740000,221930000,117760000,76790000,101830000,122700000,4650650000,22057090000,8889320000,9204340000,9884530000,2791100000,2178330000,1914690000,1300720000,1540750000,1369830000,..
Net official development assistance received (current US$),DT.ODA.ODAT.CD,Ireland,IRL,..,..,..,..,..,..,..,..,..,..,..,..,..,..,..,..,..,..,..,..,..,..,..,..
Net official development assistance received (current US$),DT.ODA.ODAT.CD,Isle of Man,IMY,..,..,..,..,..,..,..,..,..,..,..,..,..,..,..,..,..,..,..,..,..,..,..,..
Net official development assistance received (current US$),DT.ODA.ODAT.CD,Israel,ISR,1371890000,1749460000,2065770000,1266170000,1237180000,335590000,2216760000,..,..,..,..,..,..,..,..,..,..,..,..,..,..,..,..,..
Net official development assistance received (current US$),DT.ODA.ODAT.CD,Italy,ITA,..,..,..,..,..,..,..,..,..,..,..,..,..,..,..,..,..,..,..,..,..,..,..,..
Net official development assistance received (current US$),DT.ODA.ODAT.CD,Jamaica,JAM,270620000,159420000,118270000,99730000,114570000,107740000,57750000,71220000,18570000,-22490000,8560000,54000000,82630000,39590000,37190000,28080000,85810000,149300000,140990000,38990000,26620000,70220000,92290000,..
Net official development assistance received (current US$),DT.ODA.ODAT.CD,Japan,JPN,..,..,..,..,..,..,..,..,..,..,..,..,..,..,..,..,..,..,..,..,..,..,..,..
Net official development assistance received (current US$),DT.ODA.ODAT.CD,Jordan,JOR,951660000,939310000,425270000,309580000,372550000,539150000,506900000,472560000,412450000,433740000,552720000,449420000,603010000,708450000,572570000,640230000,737900000,740370000,951250000,970980000,1157290000,1402710000,2699070000,..
Net official development assistance received (current US$),DT.ODA.ODAT.CD,Kazakhstan,KAZ,..,111500000,12070000,15350000,53270000,64830000,124450000,141150000,223260000,174980000,189190000,157000000,267760000,228880000,174300000,210820000,335410000,297520000,226380000,201430000,128660000,88210000,88430000,..
Net official development assistance received (current US$),DT.ODA.ODAT.CD,Kenya,KEN,1181290000,916460000,883140000,914390000,676630000,731850000,595020000,448600000,415210000,310470000,512720000,471230000,660240000,759200000,946700000,1326780000,1365960000,1776200000,1624650000,2480600000,2653030000,3311620000,2665120000,..
Net official development assistance received (current US$),DT.ODA.ODAT.CD,Kiribati,KIR,20220000,19800000,26540000,15730000,15280000,15340000,12800000,15680000,17310000,20860000,17870000,12430000,16710000,27990000,26860000,26960000,27100000,27140000,22820000,63990000,64660000,64580000,79110000,..
"Net official development assistance received (current US$),DT.ODA.ODAT.CD,""Korea, Dem. People?s Rep."",PRK,7730000,8620000,10590000,14060000,5660000,13480000,25570000,88280000,105110000,200780000,73300000,117640000,161130000,87560000,54650000,99290000,206190000,65220000,78830000,118590000,98130000,109270000,153440000,.."
"Net official development assistance received (current US$),DT.ODA.ODAT.CD,""Korea, Rep."",KOR,52000000,54130000,-3100000,-35110000,-114230000,57000000,-148900000,-159650000,-50370000,-55100000,..,..,..,..,..,..,..,..,..,..,..,..,..,.."
Net official development assistance received (current US$),DT.ODA.ODAT.CD,Kosovo,KSV,..,..,..,..,..,..,..,..,..,..,..,..,..,..,..,..,..,782130000,527520000,583180000,566740000,568550000,579520000,..
Net official development assistance received (current US$),DT.ODA.ODAT.CD,Kuwait,KWT,12860000,11760000,6530000,2030000,4470000,4230000,..,..,..,..,..,..,..,..,..,..,..,..,..,..,..,..,..,..
Net official development assistance received (current US$),DT.ODA.ODAT.CD,Kyrgyz Republic,KGZ,..,..,21080000,95010000,173500000,284670000,230450000,239550000,239450000,283130000,214710000,187940000,261370000,267880000,310550000,274450000,359940000,313380000,381710000,524740000,471640000,536400000,624090000,..
Net official development assistance received (current US$),DT.ODA.ODAT.CD,Lao PDR,LAO,149070000,139750000,162640000,200030000,214200000,306910000,331010000,328680000,275430000,294360000,280640000,244840000,269900000,301940000,363710000,396120000,495590000,418980000,413770000,397920000,408820000,421040000,472390000,..
Net official development assistance received (current US$),DT.ODA.ODAT.CD,Latvia,LVA,..,..,..,..,..,..,..,..,..,..,..,..,..,..,..,..,..,..,..,..,..,..,..,..
Net official development assistance received (current US$),DT.ODA.ODAT.CD,Lebanon,LBN,285680000,125240000,110170000,140370000,228030000,191290000,234630000,260590000,340180000,193960000,200010000,198420000,265750000,230480000,819040000,978970000,1069870000,580290000,447680000,476340000,711510000,621010000,819620000,..
Net official development assistance received (current US$),DT.ODA.ODAT.CD,Lesotho,LSO,139130000,123310000,143160000,143060000,115620000,112650000,103210000,91340000,61170000,31020000,36670000,55120000,98040000,67490000,70620000,128790000,143800000,122390000,255920000,256580000,274490000,319590000,103610000,..
Net official development assistance received (current US$),DT.ODA.ODAT.CD,Liberia,LBR,113740000,157630000,119600000,122330000,63400000,123100000,172670000,75690000,71990000,93950000,67420000,38480000,213250000,222490000,260450000,701390000,1250990000,512570000,1412790000,761000000,565870000,535080000,744330000,..
Net official development assistance received (current US$),DT.ODA.ODAT.CD,Libya,LBY,8340000,7490000,3280000,2870000,3950000,5840000,3770000,3980000,5550000,4700000,..,..,..,23770000,37510000,19410000,74200000,41060000,8540000,641100000,87090000,128850000,210300000,..
Net official development assistance received (current US$),DT.ODA.ODAT.CD,Liechtenstein,LIE,..,..,..,..,..,..,..,..,..,..,..,..,..,..,..,..,..,..,..,..,..,..,..,..
Net official development assistance received (current US$),DT.ODA.ODAT.CD,Lithuania,LTU,..,..,..,..,..,..,..,..,..,..,..,..,..,..,..,..,..,..,..,..,..,..,..,..
Net official development assistance received (current US$),DT.ODA.ODAT.CD,Luxembourg,LUX,..,..,..,..,..,..,..,..,..,..,..,..,..,..,..,..,..,..,..,..,..,..,..,..
"Net official development assistance received (current US$),DT.ODA.ODAT.CD,""Macao SAR, China"",MAC,230000,120000,130000,180000,290000,-4010000,320000,360000,500000,320000,..,..,..,..,..,..,..,..,..,..,..,..,..,.."
"Net official development assistance received (current US$),DT.ODA.ODAT.CD,""Macedonia, FYR"",MKD,..,..,..,3320000,104260000,78800000,105390000,98280000,104910000,276830000,250190000,247200000,263440000,227300000,205250000,200730000,204710000,192470000,192830000,194510000,149690000,197230000,210770000,.."
Net official development assistance received (current US$),DT.ODA.ODAT.CD,Madagascar,MDG,396960000,455110000,361550000,361220000,288140000,299410000,354690000,833000000,480500000,358100000,320200000,370250000,1262750000,913020000,781580000,894070000,842550000,443960000,472210000,444520000,375270000,499080000,583140000,..
Net official development assistance received (current US$),DT.ODA.ODAT.CD,Malawi,MWI,500360000,549570000,577040000,496340000,470140000,434140000,491540000,343940000,434520000,446620000,446110000,409430000,505610000,573350000,722800000,743950000,923630000,771390000,1014700000,796930000,1168520000,1129550000,930190000,..
Net official development assistance received (current US$),DT.ODA.ODAT.CD,Malaysia,MYS,468490000,289290000,203700000,95220000,66140000,108100000,-456760000,-240510000,201730000,144460000,45670000,30700000,305810000,26150000,238710000,200130000,154510000,142960000,2050000,38330000,15370000,-119760000,11920000,..
Net official development assistance received (current US$),DT.ODA.ODAT.CD,Maldives,MDV,20860000,32200000,36000000,29340000,29720000,57750000,32110000,25900000,25000000,30680000,19150000,24770000,28230000,75820000,37520000,37470000,54390000,33200000,110750000,53320000,56530000,21190000,24780000,..
Net official development assistance received (current US$),DT.ODA.ODAT.CD,Mali,MLI,479170000,449680000,429690000,369460000,439650000,539910000,489670000,428750000,346700000,354270000,288000000,351810000,587840000,721320000,865790000,1018680000,964090000,984390000,1088920000,1267390000,993850000,1397790000,1233550000,..
Net official development assistance received (current US$),DT.ODA.ODAT.CD,Malta,MLT,5310000,21800000,4630000,30870000,42490000,9210000,72170000,22390000,21870000,25100000,21240000,1700000,..,..,..,..,..,..,..,..,..,..,..,..
Net official development assistance received (current US$),DT.ODA.ODAT.CD,Marshall Islands,MHL,..,280000,7680000,32250000,49360000,38880000,72940000,62930000,50330000,62900000,57230000,74010000,51090000,56790000,55040000,52120000,53220000,58700000,32310000,82590000,84010000,93910000,55760000,..
Net official development assistance received (current US$),DT.ODA.ODAT.CD,Mauritania,MRT,236180000,217400000,199620000,337440000,268540000,229830000,271870000,238590000,165610000,222450000,223460000,282840000,194530000,188700000,225610000,347230000,452160000,373470000,370450000,380690000,408120000,293440000,257140000,..
Net official development assistance received (current US$),DT.ODA.ODAT.CD,Mauritius,MUS,88290000,67320000,45030000,26080000,14140000,23120000,19390000,41700000,40000000,41450000,20210000,21030000,33390000,34610000,19220000,68870000,109670000,154970000,125270000,187060000,177890000,148450000,48930000,..
Net official development assistance received (current US$),DT.ODA.ODAT.CD,Mexico,MEX,156250000,274180000,313900000,420580000,424140000,384140000,284830000,99700000,19100000,35950000,-57780000,118050000,107960000,180480000,269810000,113390000,149140000,184460000,470480000,970230000,416730000,561460000,806700000,..
"Net official development assistance received (current US$),DT.ODA.ODAT.CD,""Micronesia, Fed. Sts."",FSM,..,460000,13600000,63830000,103940000,77160000,112800000,95750000,79890000,107810000,101540000,137560000,86310000,106580000,108500000,114880000,94140000,120960000,63420000,133700000,143360000,143160000,116120000,.."
Net official development assistance received (current US$),DT.ODA.ODAT.CD,Moldova,MDA,..,..,..,..,..,..,..,65290000,39630000,107110000,122500000,124760000,118510000,169110000,229730000,266290000,298170000,243640000,471830000,461200000,473450000,347030000,517400000,..
Net official development assistance received (current US$),DT.ODA.ODAT.CD,Monaco,MCO,..,..,..,..,..,..,..,..,..,..,..,..,..,..,..,..,..,..,..,..,..,..,..,..
Net official development assistance received (current US$),DT.ODA.ODAT.CD,Mongolia,MNG,13050000,70640000,122780000,122870000,183070000,209020000,199970000,250960000,203710000,222260000,216960000,213610000,257960000,219590000,205140000,238680000,246660000,371220000,301120000,349600000,444010000,427270000,314630000,..
Net official development assistance received (current US$),DT.ODA.ODAT.CD,Montenegro,MNE,..,..,..,..,..,..,..,..,..,..,..,..,20130000,3860000,95590000,105650000,104860000,75030000,79580000,126640000,103740000,117980000,101900000,..
Net official development assistance received (current US$),DT.ODA.ODAT.CD,Morocco,MAR,1241090000,1532670000,953600000,780000000,683520000,500560000,649590000,471500000,531140000,679600000,434410000,481700000,770030000,732320000,1102180000,1221320000,1451180000,1047210000,990010000,1434710000,1465450000,2004040000,2247030000,..
Net official development assistance received (current US$),DT.ODA.ODAT.CD,Mozambique,MOZ,997510000,1065100000,1459680000,1175530000,1198940000,1062390000,885730000,947140000,1039800000,818520000,906220000,960720000,1242860000,1297150000,1639300000,1776550000,1996380000,2012400000,1941110000,2064880000,2073990000,2314680000,2103440000,..
Net official development assistance received (current US$),DT.ODA.ODAT.CD,Myanmar,MMR,160770000,177010000,113980000,100150000,167070000,150160000,38920000,49380000,72140000,81050000,105640000,125670000,123450000,144830000,145710000,195890000,534460000,355830000,354790000,380050000,504220000,3934840000,1380080000,..
Net official development assistance received (current US$),DT.ODA.ODAT.CD,Namibia,NAM,119620000,180450000,142340000,152550000,137100000,190370000,185920000,165160000,180830000,178550000,152330000,112130000,173110000,125130000,151730000,217420000,210160000,325530000,256390000,283240000,254810000,260650000,226620000,..
Net official development assistance received (current US$),DT.ODA.ODAT.CD,Nepal,NPL,422840000,448760000,430110000,362650000,445860000,428800000,388470000,401870000,400760000,348390000,386070000,389660000,425090000,424130000,526550000,603290000,696560000,854310000,817740000,886960000,767210000,870500000,880070000,..
Net official development assistance received (current US$),DT.ODA.ODAT.CD,Netherlands,NLD,..,..,..,..,..,..,..,..,..,..,..,..,..,..,..,..,..,..,..,..,..,..,..,..
Net official development assistance received (current US$),DT.ODA.ODAT.CD,New Caledonia,NCL,302410000,310680000,357980000,394730000,408430000,451210000,396140000,338820000,338390000,314510000,..,..,..,..,..,..,..,..,..,..,..,..,..,..
Net official development assistance received (current US$),DT.ODA.ODAT.CD,New Zealand,NZL,..,..,..,..,..,..,..,..,..,..,..,..,..,..,..,..,..,..,..,..,..,..,..,..
Net official development assistance received (current US$),DT.ODA.ODAT.CD,Nicaragua,NIC,329560000,834990000,653370000,314770000,594260000,649130000,930860000,411130000,602320000,672350000,560370000,930960000,1240230000,763370000,740210000,840100000,740720000,772630000,662330000,692340000,531760000,496540000,430360000,..
Net official development assistance received (current US$),DT.ODA.ODAT.CD,Niger,NER,387590000,369560000,356710000,338520000,372950000,272390000,252060000,333150000,292140000,187070000,209090000,259050000,547590000,522150000,544410000,544300000,612290000,469290000,738800000,644640000,889500000,796810000,917840000,..
Net official development assistance received (current US$),DT.ODA.ODAT.CD,Nigeria,NGA,255080000,258320000,258820000,288420000,189660000,210960000,188750000,199750000,203150000,151800000,173700000,176170000,576940000,6408810000,11428020000,1956260000,1290160000,1657070000,2057800000,1764650000,1911660000,2515100000,2476180000,..
Net official development assistance received (current US$),DT.ODA.ODAT.CD,Northern Mariana Islands,MNP,63110000,29140000,7390000,88950000,2300000,-700000,-1570000,690000,200000,120000,..,..,..,..,..,..,..,..,..,..,..,..,..,..
Net official development assistance received (current US$),DT.ODA.ODAT.CD,Norway,NOR,..,..,..,..,..,..,..,..,..,..,..,..,..,..,..,..,..,..,..,..,..,..,..,..
Net official development assistance received (current US$),DT.ODA.ODAT.CD,Oman,OMN,68200000,13090000,39630000,129680000,155470000,75090000,82930000,100400000,555740000,53150000,79670000,8310000,100790000,19040000,54070000,213980000,74650000,144490000,-21610000,..,..,..,..,..
Net official development assistance received (current US$),DT.ODA.ODAT.CD,Pakistan,PAK,1126890000,1419820000,1023030000,1061390000,1606230000,821420000,1037770000,900690000,1057900000,741290000,702690000,1942900000,1439790000,1614610000,2180440000,2269570000,1549710000,2769060000,3020300000,3497510000,2015650000,2191010000,3611900000,..
Net official development assistance received (current US$),DT.ODA.ODAT.CD,Palau,PLW,..,..,10000,10000,201890000,142320000,63020000,38380000,89120000,28840000,39130000,34490000,19550000,23690000,37320000,22340000,42940000,35350000,28430000,28330000,15580000,35460000,23410000,..
Net official development assistance received (current US$),DT.ODA.ODAT.CD,Panama,PAN,99340000,103610000,156140000,70500000,31670000,39750000,49320000,46130000,21580000,13410000,15350000,26060000,22590000,26690000,31010000,-135010000,28540000,65010000,125990000,110790000,50620000,7300000,-196440000,..
Net official development assistance received (current US$),DT.ODA.ODAT.CD,Papua New Guinea,PNG,412400000,398390000,445170000,306010000,322940000,370260000,381300000,346350000,361510000,215970000,275150000,202850000,268340000,266910000,278890000,324450000,302140000,411700000,511400000,611340000,668800000,656540000,577330000,..
Net official development assistance received (current US$),DT.ODA.ODAT.CD,Paraguay,PRY,57190000,145390000,98130000,128690000,95110000,139340000,88480000,108140000,76670000,78060000,81550000,61380000,22440000,50650000,55970000,107950000,133540000,147790000,120110000,92820000,102910000,128570000,60180000,..
Net official development assistance received (current US$),DT.ODA.ODAT.CD,Peru,PER,397080000,610520000,405580000,563820000,333690000,370940000,327720000,393170000,497870000,444710000,396840000,450640000,463450000,450480000,463440000,307030000,463020000,441170000,-299530000,598970000,385340000,359790000,324830000,..
Net official development assistance received (current US$),DT.ODA.ODAT.CD,Philippines,PHL,1270620000,1050250000,1709540000,1480320000,1053850000,902330000,898150000,679870000,613920000,686180000,571720000,568910000,449010000,567120000,564910000,610060000,47990000,309270000,529820000,-183580000,-2580000,190430000,675730000,..
Net official development assistance received (current US$),DT.ODA.ODAT.CD,Poland,POL,..,..,..,..,..,..,..,..,..,..,..,..,..,..,..,..,..,..,..,..,..,..,..,..
Net official development assistance received (current US$),DT.ODA.ODAT.CD,Portugal,PRT,..,..,..,..,..,..,..,..,..,..,..,..,..,..,..,..,..,..,..,..,..,..,..,..
Net official development assistance received (current US$),DT.ODA.ODAT.CD,Puerto Rico,PRI,..,..,..,..,..,..,..,..,..,..,..,..,..,..,..,..,..,..,..,..,..,..,..,..
Net official development assistance received (current US$),DT.ODA.ODAT.CD,Qatar,QAT,2970000,2880000,2920000,3770000,3220000,3740000,..,..,..,..,..,..,..,..,..,..,..,..,..,..,..,..,..,..
Net official development assistance received (current US$),DT.ODA.ODAT.CD,Romania,ROM,..,..,..,..,..,..,..,..,..,..,..,..,..,..,..,..,..,..,..,..,..,..,..,..
Net official development assistance received (current US$),DT.ODA.ODAT.CD,Russian Federation,RUS,..,..,..,..,..,..,..,..,..,..,..,..,..,..,..,..,..,..,..,..,..,..,..,..
Net official development assistance received (current US$),DT.ODA.ODAT.CD,Rwanda,RWA,287920000,359160000,348930000,353910000,711750000,694700000,465310000,229670000,350070000,373080000,321460000,304880000,490110000,577400000,603070000,722570000,933510000,933590000,1031390000,1262530000,878820000,1086140000,1033960000,..
Net official development assistance received (current US$),DT.ODA.ODAT.CD,Samoa,WSM,47550000,56920000,49120000,52410000,48270000,43200000,32350000,27410000,35890000,23020000,27140000,42830000,30930000,43550000,47070000,37470000,40310000,77310000,147540000,102120000,120670000,118180000,92740000,..
Net official development assistance received (current US$),DT.ODA.ODAT.CD,San Marino,SMR,..,..,..,..,..,..,..,..,..,..,..,..,..,..,..,..,..,..,..,..,..,..,..,..
Net official development assistance received (current US$),DT.ODA.ODAT.CD,Sao Tome and Principe,STP,54120000,51010000,56430000,46490000,49930000,84090000,47400000,33420000,28060000,27520000,34890000,38360000,33630000,32440000,22930000,51090000,47330000,30510000,49300000,72390000,48790000,51780000,38580000,..
Net official development assistance received (current US$),DT.ODA.ODAT.CD,Saudi Arabia,SAU,14660000,13790000,49810000,29070000,16720000,16990000,14080000,1380000,16590000,22150000,21960000,13110000,20240000,25110000,24300000,-131070000,..,..,..,..,..,..,..,..
Net official development assistance received (current US$),DT.ODA.ODAT.CD,Senegal,SEN,811730000,627520000,662380000,493120000,635490000,652340000,573880000,423140000,501050000,534950000,431180000,432060000,1069650000,697980000,865040000,869720000,1068510000,1016230000,936930000,1055070000,1073490000,992330000,1106880000,..
Net official development assistance received (current US$),DT.ODA.ODAT.CD,Serbia,SRB,..,..,..,..,49220000,95060000,69510000,97360000,108230000,707400000,1134270000,1304180000,1157710000,1066360000,1577620000,839960000,973180000,623700000,659920000,1379780000,1089080000,780340000,371050000,..
Net official development assistance received (current US$),DT.ODA.ODAT.CD,Seychelles,SYC,35560000,22740000,19090000,19380000,12710000,12830000,18900000,17050000,23950000,12920000,23100000,13230000,10360000,16730000,13640000,11040000,12520000,22760000,56040000,22090000,35580000,25450000,9700000,..
Net official development assistance received (current US$),DT.ODA.ODAT.CD,Sierra Leone,SLE,59320000,103270000,133060000,206470000,273730000,212270000,182520000,117910000,106430000,73630000,180640000,334820000,376290000,339850000,380470000,549780000,378210000,448260000,458160000,422740000,439800000,447010000,910560000,..
Net official development assistance received (current US$),DT.ODA.ODAT.CD,Singapore,SGP,-3100000,7770000,19940000,23640000,16860000,16660000,..,..,..,..,..,..,..,..,..,..,..,..,..,..,..,..,..,..
Net official development assistance received (current US$),DT.ODA.ODAT.CD,Sint Maarten (Dutch part),SXM,..,..,..,..,..,..,..,..,..,..,..,..,..,..,..,..,..,..,..,..,..,..,..,..
Net official development assistance received (current US$),DT.ODA.ODAT.CD,Slovak Republic,SVK,..,..,..,..,..,..,..,..,..,..,..,..,..,..,..,..,..,..,..,..,..,..,..,..
Net official development assistance received (current US$),DT.ODA.ODAT.CD,Slovenia,SVN,..,..,..,7140000,31870000,52540000,82200000,96620000,39760000,31050000,60810000,125660000,..,..,..,..,..,..,..,..,..,..,..,..
Net official development assistance received (current US$),DT.ODA.ODAT.CD,Solomon Islands,SLB,45660000,36610000,45570000,56130000,47890000,47690000,42620000,41730000,42590000,39630000,68250000,58770000,121320000,198470000,204510000,246050000,224310000,205850000,340490000,339380000,304980000,288320000,198510000,..
Net official development assistance received (current US$),DT.ODA.ODAT.CD,Somalia,SOM,514810000,186420000,653660000,892120000,535120000,187930000,88180000,81180000,81320000,115700000,102230000,149300000,201280000,240220000,396170000,393740000,765870000,661640000,505680000,1098980000,990130000,1054250000,1109380000,..
Net official development assistance received (current US$),DT.ODA.ODAT.CD,South Africa,ZAF,..,..,..,270450000,293080000,386170000,362340000,495590000,512980000,540440000,486370000,425350000,629090000,690200000,714990000,807490000,1125180000,1074540000,1026680000,1395360000,1065940000,1295440000,1070440000,..
Net official development assistance received (current US$),DT.ODA.ODAT.CD,South Sudan,SSD,..,..,..,..,..,..,..,..,..,..,..,..,..,..,..,..,..,..,..,436920000,1186680000,1399650000,1964190000,..
Net official development assistance received (current US$),DT.ODA.ODAT.CD,Spain,ESP,..,..,..,..,..,..,..,..,..,..,..,..,..,..,..,..,..,..,..,..,..,..,..,..
Net official development assistance received (current US$),DT.ODA.ODAT.CD,Sri Lanka,LKA,728340000,889080000,639610000,664050000,600850000,553800000,486300000,330790000,424300000,261980000,275220000,341350000,506380000,1161190000,786420000,614780000,731230000,702510000,582650000,609820000,488620000,401140000,488190000,..
Net official development assistance received (current US$),DT.ODA.ODAT.CD,St. Kitts and Nevis,KNA,8120000,7510000,8070000,10770000,6210000,3900000,6830000,7230000,6600000,4670000,3900000,10130000,40000,2500000,5160000,3440000,46800000,5130000,11420000,16050000,21910000,29320000,..,..
Net official development assistance received (current US$),DT.ODA.ODAT.CD,St. Lucia,LCA,12310000,23120000,27120000,25630000,31500000,48220000,38580000,25460000,6100000,25630000,10980000,16520000,-21320000,10490000,18450000,19440000,19090000,40970000,41150000,35390000,26840000,24430000,18130000,..
Net official development assistance received (current US$),DT.ODA.ODAT.CD,St. Martin (French part),MAF,..,..,..,..,..,..,..,..,..,..,..,..,..,..,..,..,..,..,..,..,..,..,..,..
Net official development assistance received (current US$),DT.ODA.ODAT.CD,St. Vincent and the Grenadines,VCT,15370000,15930000,18130000,13690000,12620000,47640000,26320000,5900000,20500000,16330000,6180000,8120000,10620000,7690000,4730000,65850000,26860000,30760000,16850000,17870000,8560000,7810000,9220000,..
Net official development assistance received (current US$),DT.ODA.ODAT.CD,Sudan,SDN,848240000,867110000,536310000,447600000,407990000,237030000,217700000,138540000,210850000,245710000,224650000,192050000,994480000,1825810000,2048370000,2120590000,2566430000,2350910000,2028240000,1740990000,1365930000,1502950000,871860000,..
Net official development assistance received (current US$),DT.ODA.ODAT.CD,Suriname,SUR,61130000,43560000,79700000,78830000,60130000,76720000,109070000,76180000,58820000,35020000,34330000,23190000,23890000,44170000,64220000,150870000,101500000,157040000,104450000,89920000,39600000,30050000,12620000,..
Net official development assistance received (current US$),DT.ODA.ODAT.CD,Swaziland,SWZ,53630000,52920000,56010000,54210000,57780000,57750000,33050000,28280000,34800000,28990000,13130000,29150000,24890000,46650000,34780000,50670000,69890000,56030000,91140000,123890000,88150000,116030000,85860000,..
Net official development assistance received (current US$),DT.ODA.ODAT.CD,Sweden,SWE,..,..,..,..,..,..,..,..,..,..,..,..,..,..,..,..,..,..,..,..,..,..,..,..
Net official development assistance received (current US$),DT.ODA.ODAT.CD,Switzerland,CHE,..,..,..,..,..,..,..,..,..,..,..,..,..,..,..,..,..,..,..,..,..,..,..,..
Net official development assistance received (current US$),DT.ODA.ODAT.CD,Syrian Arab Republic,SYR,882820000,535490000,196740000,258580000,744020000,355970000,215990000,196690000,155140000,228490000,158940000,152940000,105630000,70220000,19190000,83540000,156760000,208070000,134920000,335840000,1671570000,3637780000,4198010000,..
Net official development assistance received (current US$),DT.ODA.ODAT.CD,Tajikistan,TJK,..,..,11840000,25960000,66500000,65080000,103140000,85940000,160590000,122500000,123540000,165300000,253420000,251500000,241240000,222110000,288680000,408120000,433320000,347970000,392650000,389440000,356290000,..
Net official development assistance received (current US$),DT.ODA.ODAT.CD,Tanzania,TZA,1163150000,1073000000,1334080000,944430000,963570000,871050000,867210000,943850000,1001420000,991860000,1063920000,1274230000,1772410000,1499070000,1883290000,2821590000,2331460000,2933140000,2956500000,2440160000,2823450000,3431000000,2647980000,..
Net official development assistance received (current US$),DT.ODA.ODAT.CD,Thailand,THA,795580000,713560000,737820000,580690000,576600000,837050000,828140000,623230000,698150000,1013580000,696630000,280360000,47330000,-167660000,-217040000,-310990000,-618510000,-77760000,-12100000,-137600000,-134760000,26200000,351160000,..
Net official development assistance received (current US$),DT.ODA.ODAT.CD,Timor-Leste,TMP,100000,940000,130000,420000,230000,20000,80000,430000,1670000,152820000,231270000,194170000,161240000,184760000,209070000,278270000,277540000,216440000,291300000,278930000,282240000,256680000,247010000,..
Net official development assistance received (current US$),DT.ODA.ODAT.CD,Togo,TGO,258240000,199270000,222430000,95820000,124650000,191340000,155400000,125020000,128350000,71420000,69550000,46080000,64900000,82540000,79900000,122420000,330070000,498520000,403990000,541950000,241370000,223750000,208130000,..
Net official development assistance received (current US$),DT.ODA.ODAT.CD,Tonga,TON,29750000,19290000,23700000,31230000,35160000,38840000,32000000,27520000,24680000,21190000,18820000,20270000,19360000,31980000,21490000,30860000,25710000,39240000,70420000,93610000,78260000,81150000,79900000,..
Net official development assistance received (current US$),DT.ODA.ODAT.CD,Trinidad and Tobago,TTO,17780000,-2210000,7460000,1430000,21140000,24860000,16500000,33030000,13780000,26200000,-1530000,-1730000,-1810000,-1980000,13820000,20800000,9290000,6840000,4330000,..,..,..,..,..
Net official development assistance received (current US$),DT.ODA.ODAT.CD,Tunisia,TUN,392540000,354460000,387990000,243200000,104790000,74400000,125870000,194200000,149890000,252290000,221730000,365350000,352310000,362420000,431370000,321190000,374960000,502790000,550420000,922060000,1016890000,710410000,921280000,..
Net official development assistance received (current US$),DT.ODA.ODAT.CD,Turkey,TUR,1303850000,1610030000,356270000,446710000,197330000,312540000,245060000,5740000,28090000,10460000,326930000,131620000,285320000,396020000,565740000,792140000,1116140000,1361520000,1047070000,3288440000,3110370000,2842760000,3441780000,..
Net official development assistance received (current US$),DT.ODA.ODAT.CD,Turkmenistan,TKM,..,..,6590000,31090000,26580000,30700000,23640000,20700000,27410000,24980000,35300000,75260000,54260000,30370000,40710000,28480000,18130000,39840000,45770000,40440000,37640000,36150000,34240000,..
Net official development assistance received (current US$),DT.ODA.ODAT.CD,Turks and Caicos Islands,TCA,11600000,17500000,14800000,10900000,15790000,5550000,4180000,4200000,6020000,7380000,6650000,6670000,3150000,5200000,-420000,15390000,..,..,..,..,..,..,..,..
Net official development assistance received (current US$),DT.ODA.ODAT.CD,Tuvalu,TUV,5060000,5010000,8060000,4250000,7370000,7850000,10340000,10130000,5190000,6780000,4030000,9510000,8000000,9200000,15340000,11740000,16120000,17470000,13330000,38880000,24490000,26800000,34390000,..
Net official development assistance received (current US$),DT.ODA.ODAT.CD,Uganda,UGA,663100000,663280000,723720000,609190000,751170000,833160000,673690000,813050000,655380000,605030000,853280000,822190000,1216020000,1192160000,1586430000,1737300000,1641470000,1784700000,1688020000,1572810000,1641760000,1700740000,1632930000,..
Net official development assistance received (current US$),DT.ODA.ODAT.CD,Ukraine,UKR,..,..,..,..,..,..,..,..,..,..,..,..,..,411690000,483500000,420280000,617970000,666250000,651380000,775150000,767600000,783480000,1403680000,..
Net official development assistance received (current US$),DT.ODA.ODAT.CD,United Arab Emirates,ARE,3540000,-7660000,-9730000,-10170000,-8030000,5410000,..,..,..,..,..,..,..,..,..,..,..,..,..,..,..,..,..,..
Net official development assistance received (current US$),DT.ODA.ODAT.CD,United Kingdom,GBR,..,..,..,..,..,..,..,..,..,..,..,..,..,..,..,..,..,..,..,..,..,..,..,..
Net official development assistance received (current US$),DT.ODA.ODAT.CD,United States,USA,..,..,..,..,..,..,..,..,..,..,..,..,..,..,..,..,..,..,..,..,..,..,..,..
Net official development assistance received (current US$),DT.ODA.ODAT.CD,Uruguay,URY,52430000,48820000,68780000,111940000,72760000,65660000,34260000,34210000,24140000,21970000,17400000,15190000,29050000,14440000,21070000,37010000,33290000,50030000,46690000,22380000,19320000,35980000,88710000,..
Net official development assistance received (current US$),DT.ODA.ODAT.CD,Uzbekistan,UZB,..,..,1510000,7980000,28250000,83720000,87690000,139710000,158330000,155400000,185750000,153880000,245890000,169790000,149300000,169850000,187320000,189750000,232080000,203640000,254940000,292740000,324390000,..
Net official development assistance received (current US$),DT.ODA.ODAT.CD,Vanuatu,VUT,49530000,52240000,39830000,34980000,41720000,45580000,31070000,27160000,40640000,37210000,45800000,31710000,38740000,39480000,48790000,56690000,92270000,103190000,108250000,90680000,101420000,90890000,98390000,..
"Net official development assistance received (current US$),DT.ODA.ODAT.CD,""Venezuela, RB"",VEN,76360000,28110000,33390000,40750000,26200000,43320000,37780000,8920000,42280000,44230000,76060000,44680000,44910000,50300000,62930000,77760000,59220000,66340000,52570000,46470000,48060000,35160000,40630000,.."
Net official development assistance received (current US$),DT.ODA.ODAT.CD,Vietnam,VNM,180550000,227300000,565220000,251610000,903300000,834800000,936000000,998250000,1177330000,1428580000,1681360000,1431950000,1846310000,1913460000,1844540000,2510940000,2551930000,3731690000,2939090000,3618330000,4113880000,4083210000,4217860000,..
Net official development assistance received (current US$),DT.ODA.ODAT.CD,Virgin Islands (U.S.),VIR,..,..,..,..,..,..,..,..,..,..,..,..,..,..,..,..,..,..,..,..,..,..,..,..
Net official development assistance received (current US$),DT.ODA.ODAT.CD,West Bank and Gaza,WBG,..,..,..,178740000,471980000,514110000,552410000,613030000,612570000,580550000,684500000,997590000,1160840000,1015710000,1360250000,1717110000,2470080000,2826680000,2512560000,2434740000,2005310000,2601340000,2486510000,..
"Net official development assistance received (current US$),DT.ODA.ODAT.CD,""Yemen, Rep."",YEM,449830000,296350000,253770000,313180000,171140000,171230000,251710000,353660000,393080000,459140000,311280000,370390000,266430000,296530000,287410000,242560000,429610000,557850000,666520000,476240000,709220000,1039460000,1164220000,.."
Net official development assistance received (current US$),DT.ODA.ODAT.CD,Zambia,ZMB,474810000,877970000,1030780000,866920000,715130000,2030670000,608060000,609510000,347970000,623030000,794650000,570840000,1130470000,1172050000,1467540000,1007840000,1116240000,1267060000,917450000,1033870000,955400000,1142220000,994550000,..
Net official development assistance received (current US$),DT.ODA.ODAT.CD,Zimbabwe,ZWE,334260000,388680000,788780000,496050000,558980000,489100000,369360000,335510000,261210000,244500000,175640000,160930000,187050000,372720000,278240000,478110000,612420000,736220000,712530000,722720000,999490000,824400000,757850000,..
,,,,,,,,,,,,,,,,,,,,,,,,,,,
,,,,,,,,,,,,,,,,,,,,,,,,,,,
,,,,,,,,,,,,,,,,,,,,,,,,,,,
Data from database: World Development Indicators,,,,,,,,,,,,,,,,,,,,,,,,,,,
Last Updated: 05/02/2016,,,,,,,,,,,,,,,,,,,,,,,,,,,
